,answer,body_image_url,description,featured_image_url,post_data,post_url,title
0,PEN,https://i2.wp.com/dailyanswers.net/wp-content/uploads/2020/02/4-pics-20-PEN.png?w=730,<p>Thanks for landing on our page. Here you will find all <strong>4 Pics 1 Word Indonesia February 20 2020 Answers</strong>. This is the daily puzzle for the month of May developed by the popular company Lotum GmbH and is called after Indonesia. Every single day we are posting the answer for each of the daily answer so in case you are stuck and you can’t proceed then kindly use our help below. Please note that in order to be able to play the daily puzzle you should pass a minimum of 10 levels and then the daily will appear.In case something is wrong or missing you can leave a message below and one of our staff members will be more than happy to help you out.</p>,https://i1.wp.com/dailyanswers.net/wp-content/uploads/2016/11/4pics1wordanswers.png?fit=175%2C175,"19 February 2020, 4:18 pm",http://dailyanswers.net/4-pics-1-word-indonesia-february-20-2020-answers/,4 Pics 1 Word Indonesia February 20 2020 Answers
1,DIVING,https://i0.wp.com/dailyanswers.net/wp-content/uploads/2020/02/4-PICS-18-DIVING.png?w=730,<p>Thanks for landing on our page. Here you will find all <strong>4 Pics 1 Word Indonesia February 18 2020 Answers</strong>. This is the daily puzzle for the month of May developed by the popular company Lotum GmbH and is called after Indonesia. Every single day we are posting the answer for each of the daily answer so in case you are stuck and you can’t proceed then kindly use our help below. Please note that in order to be able to play the daily puzzle you should pass a minimum of 10 levels and then the daily will appear.In case something is wrong or missing you can leave a message below and one of our staff members will be more than happy to help you out.</p>,https://i1.wp.com/dailyanswers.net/wp-content/uploads/2016/11/4pics1wordanswers.png?fit=175%2C175,"17 February 2020, 5:30 pm",http://dailyanswers.net/4-pics-1-word-indonesia-february-18-2020-answers/,4 Pics 1 Word Indonesia February 18 2020 Answers
2,SNORKEL,https://i2.wp.com/dailyanswers.net/wp-content/uploads/2020/02/BONUS-19-SNORKEL.png?w=730,<p>Thanks for landing on our page. Here you will find all <strong>4 Pics 1 Word Daily Indonesia Bonus February 19 2020 Answers</strong>. This is the daily puzzle for the month of May developed by the popular company Lotum GmbH and is called after Indonesia. Every single day we are posting the answer for each of the daily answer so in case you are stuck and you can’t proceed then kindly use our help below. Please note that in order to be able to play the daily puzzle you should pass a minimum of 10 levels and then the daily will appear.In case something is wrong or missing you can leave a message below and one of our staff members will be more than happy to help you out.</p>,https://i1.wp.com/dailyanswers.net/wp-content/uploads/2016/11/4pics1wordanswers.png?fit=175%2C175,"18 February 2020, 6:50 pm",http://dailyanswers.net/4-pics-1-word-daily-indonesia-bonus-february-19-2020-answers/,4 Pics 1 Word Daily Indonesia Bonus February 19 2020 Answers
3,CITRUS,https://i2.wp.com/dailyanswers.net/wp-content/uploads/2020/02/4-pics-19-CITRUS.png?w=730,<p>Thanks for landing on our page. Here you will find all <strong>4 Pics 1 Word Indonesia February 19 2020 Answers</strong>. This is the daily puzzle for the month of May developed by the popular company Lotum GmbH and is called after Indonesia. Every single day we are posting the answer for each of the daily answer so in case you are stuck and you can’t proceed then kindly use our help below. Please note that in order to be able to play the daily puzzle you should pass a minimum of 10 levels and then the daily will appear.In case something is wrong or missing you can leave a message below and one of our staff members will be more than happy to help you out.</p>,https://i1.wp.com/dailyanswers.net/wp-content/uploads/2016/11/4pics1wordanswers.png?fit=175%2C175,"18 February 2020, 6:55 pm",http://dailyanswers.net/4-pics-1-word-indonesia-february-19-2020-answers/,4 Pics 1 Word Indonesia February 19 2020 Answers
4,SPRINKLE,https://i1.wp.com/dailyanswers.net/wp-content/uploads/2020/02/BONUS-20-SPRINKLE.png?w=730,<p>Thanks for landing on our page. Here you will find all <strong>4 Pics 1 Word Daily Indonesia Bonus February 20 2020 Answers</strong>. This is the daily puzzle for the month of May developed by the popular company Lotum GmbH and is called after Indonesia. Every single day we are posting the answer for each of the daily answer so in case you are stuck and you can’t proceed then kindly use our help below. Please note that in order to be able to play the daily puzzle you should pass a minimum of 10 levels and then the daily will appear.In case something is wrong or missing you can leave a message below and one of our staff members will be more than happy to help you out.</p>,https://i1.wp.com/dailyanswers.net/wp-content/uploads/2016/11/4pics1wordanswers.png?fit=175%2C175,"19 February 2020, 4:15 pm",http://dailyanswers.net/4-pics-1-word-daily-indonesia-bonus-february-20-2020-answers/,4 Pics 1 Word Daily Indonesia Bonus February 20 2020 Answers
5,FILTER,https://i1.wp.com/dailyanswers.net/wp-content/uploads/2020/02/BONUS-13-FILTER.png?w=730,<p>Thanks for landing on our page. Here you will find all <strong>4 Pics 1 Word Daily Indonesia Bonus February 13 2020 Answers</strong>. This is the daily puzzle for the month of May developed by the popular company Lotum GmbH and is called after Indonesia. Every single day we are posting the answer for each of the daily answer so in case you are stuck and you can’t proceed then kindly use our help below. Please note that in order to be able to play the daily puzzle you should pass a minimum of 10 levels and then the daily will appear.In case something is wrong or missing you can leave a message below and one of our staff members will be more than happy to help you out.</p>,https://i1.wp.com/dailyanswers.net/wp-content/uploads/2016/11/4pics1wordanswers.png?fit=175%2C175,"12 February 2020, 3:32 pm",http://dailyanswers.net/4-pics-1-word-daily-indonesia-bonus-february-13-2020-answers/,4 Pics 1 Word Daily Indonesia Bonus February 13 2020 Answers
6,BENCH,https://i1.wp.com/dailyanswers.net/wp-content/uploads/2020/02/4-pics-13-BENCH.png?w=730,<p>Thanks for landing on our page. Here you will find all <strong>4 Pics 1 Word Indonesia February 13 2020 Answers</strong>. This is the daily puzzle for the month of May developed by the popular company Lotum GmbH and is called after Indonesia. Every single day we are posting the answer for each of the daily answer so in case you are stuck and you can’t proceed then kindly use our help below. Please note that in order to be able to play the daily puzzle you should pass a minimum of 10 levels and then the daily will appear.In case something is wrong or missing you can leave a message below and one of our staff members will be more than happy to help you out.</p>,https://i1.wp.com/dailyanswers.net/wp-content/uploads/2016/11/4pics1wordanswers.png?fit=175%2C175,"12 February 2020, 3:37 pm",http://dailyanswers.net/4-pics-1-word-indonesia-february-13-2020-answers/,4 Pics 1 Word Indonesia February 13 2020 Answers
7,MASSAGE,https://i2.wp.com/dailyanswers.net/wp-content/uploads/2020/02/BONUS-14-MASSAGE.png?w=730,<p>Thanks for landing on our page. Here you will find all <strong>4 Pics 1 Word Daily Indonesia Bonus February 14 2020 Answers</strong>. This is the daily puzzle for the month of May developed by the popular company Lotum GmbH and is called after Indonesia. Every single day we are posting the answer for each of the daily answer so in case you are stuck and you can’t proceed then kindly use our help below. Please note that in order to be able to play the daily puzzle you should pass a minimum of 10 levels and then the daily will appear.In case something is wrong or missing you can leave a message below and one of our staff members will be more than happy to help you out.</p>,https://i1.wp.com/dailyanswers.net/wp-content/uploads/2016/11/4pics1wordanswers.png?fit=175%2C175,"13 February 2020, 6:53 pm",http://dailyanswers.net/4-pics-1-word-daily-indonesia-bonus-february-14-2020-answers/,4 Pics 1 Word Daily Indonesia Bonus February 14 2020 Answers
8,KID,https://i0.wp.com/dailyanswers.net/wp-content/uploads/2020/02/4-pics-14-KID.png?w=730,<p>Thanks for landing on our page. Here you will find all <strong>4 Pics 1 Word Indonesia February 14 2020 Answers</strong>. This is the daily puzzle for the month of May developed by the popular company Lotum GmbH and is called after Indonesia. Every single day we are posting the answer for each of the daily answer so in case you are stuck and you can’t proceed then kindly use our help below. Please note that in order to be able to play the daily puzzle you should pass a minimum of 10 levels and then the daily will appear.In case something is wrong or missing you can leave a message below and one of our staff members will be more than happy to help you out.</p>,https://i1.wp.com/dailyanswers.net/wp-content/uploads/2016/11/4pics1wordanswers.png?fit=175%2C175,"13 February 2020, 6:55 pm",http://dailyanswers.net/4-pics-1-word-indonesia-february-14-2020-answers/,4 Pics 1 Word Indonesia February 14 2020 Answers
9,MARKET,https://i0.wp.com/dailyanswers.net/wp-content/uploads/2020/02/BONUS-15-MARKET.png?w=730,<p>Thanks for landing on our page. Here you will find all <strong>4 Pics 1 Word Daily Indonesia Bonus February 15 2020 Answers</strong>. This is the daily puzzle for the month of May developed by the popular company Lotum GmbH and is called after Indonesia. Every single day we are posting the answer for each of the daily answer so in case you are stuck and you can’t proceed then kindly use our help below. Please note that in order to be able to play the daily puzzle you should pass a minimum of 10 levels and then the daily will appear.In case something is wrong or missing you can leave a message below and one of our staff members will be more than happy to help you out.</p>,https://i1.wp.com/dailyanswers.net/wp-content/uploads/2016/11/4pics1wordanswers.png?fit=175%2C175,"14 February 2020, 5:32 pm",http://dailyanswers.net/4-pics-1-word-daily-indonesia-bonus-february-15-2020-answers/,4 Pics 1 Word Daily Indonesia Bonus February 15 2020 Answers
10,JUNGLE,https://i0.wp.com/dailyanswers.net/wp-content/uploads/2020/02/4-pics-12-JUNGLE.png?w=730,<p>Thanks for landing on our page. Here you will find all <strong>4 Pics 1 Word Indonesia February 12 2020 Answers</strong>. This is the daily puzzle for the month of May developed by the popular company Lotum GmbH and is called after Indonesia. Every single day we are posting the answer for each of the daily answer so in case you are stuck and you can’t proceed then kindly use our help below. Please note that in order to be able to play the daily puzzle you should pass a minimum of 10 levels and then the daily will appear.In case something is wrong or missing you can leave a message below and one of our staff members will be more than happy to help you out.</p>,https://i1.wp.com/dailyanswers.net/wp-content/uploads/2016/11/4pics1wordanswers.png?fit=175%2C175,"11 February 2020, 6:10 pm",http://dailyanswers.net/4-pics-1-word-indonesia-february-12-2020-answers/,4 Pics 1 Word Indonesia February 12 2020 Answers
