,description,featured_image_url,post_data,post_url,title
0,"<p>Here you may find the <span style=""text-decoration: underline;""><strong>4 Pics 1 Word Indonesia February 18 2020 Answers</strong></span>, Cheats and Solutions.This is a very popular word game developed by Lotum GmbH for iOS / Android and its available in different languages such as English, German, Italian, French and much more. Our site is updated every single day with the daily answers for <strong><a href=""http://dailyanswers.net/4-pics-1-word/"">4 pics 1 word daily</a></strong> puzzle so in case you are stuck and looking for help then please use our help below. Here you will be able to find the daily answers for each of the puzzles. Without losing any further time here is the solution for today’s puzzle!</p>",https://i1.wp.com/dailyanswers.net/wp-content/uploads/2016/11/4pics1wordanswers.png?fit=175%2C175,"17 February 2020, 5:30 pm",http://dailyanswers.net/4-pics-1-word-daily-february-18-2020-answers/,4 Pics 1 Word Daily February 18 2020 Answers
1,"<p>Here you may find the <span style=""text-decoration: underline;""><strong>4 Pics 1 Word Daily Indonesia Bonus February 19 2020 Answers</strong></span>, Cheats and Solutions.This is a very popular word game developed by Lotum GmbH for iOS / Android and its available in different languages such as English, German, Italian, French and much more. Our site is updated every single day with the daily answers for <strong><a href=""http://dailyanswers.net/4-pics-1-word/"">4 pics 1 word daily</a></strong> puzzle so in case you are stuck and looking for help then please use our help below. Here you will be able to find the daily answers for each of the puzzles. Without losing any further time here is the solution for today’s puzzle!</p>",https://i1.wp.com/dailyanswers.net/wp-content/uploads/2016/11/4pics1wordanswers.png?fit=175%2C175,"18 February 2020, 6:50 pm",http://dailyanswers.net/4-pics-1-word-daily-bonus-february-19-2020-answers/,4 Pics 1 Word Daily Bonus February 19 2020 Answers
2,"<p>Here you may find the <span style=""text-decoration: underline;""><strong>4 Pics 1 Word Indonesia February 19 2020 Answers</strong></span>, Cheats and Solutions.This is a very popular word game developed by Lotum GmbH for iOS / Android and its available in different languages such as English, German, Italian, French and much more. Our site is updated every single day with the daily answers for <strong><a href=""http://dailyanswers.net/4-pics-1-word/"">4 pics 1 word daily</a></strong> puzzle so in case you are stuck and looking for help then please use our help below. Here you will be able to find the daily answers for each of the puzzles. Without losing any further time here is the solution for today’s puzzle!</p>",https://i1.wp.com/dailyanswers.net/wp-content/uploads/2016/11/4pics1wordanswers.png?fit=175%2C175,"18 February 2020, 6:55 pm",http://dailyanswers.net/4-pics-1-word-daily-february-19-2020-answers/,4 Pics 1 Word Daily February 19 2020 Answers
3,"<p>Here you may find the <span style=""text-decoration: underline;""><strong>4 Pics 1 Word Daily Indonesia Bonus February 20 2020 Answers</strong></span>, Cheats and Solutions.This is a very popular word game developed by Lotum GmbH for iOS / Android and its available in different languages such as English, German, Italian, French and much more. Our site is updated every single day with the daily answers for <strong><a href=""http://dailyanswers.net/4-pics-1-word/"">4 pics 1 word daily</a></strong> puzzle so in case you are stuck and looking for help then please use our help below. Here you will be able to find the daily answers for each of the puzzles. Without losing any further time here is the solution for today’s puzzle!</p>",https://i1.wp.com/dailyanswers.net/wp-content/uploads/2016/11/4pics1wordanswers.png?fit=175%2C175,"19 February 2020, 4:15 pm",http://dailyanswers.net/4-pics-1-word-daily-bonus-february-20-2020-answers/,4 Pics 1 Word Daily Bonus February 20 2020 Answers
4,"<p>Here you may find the <span style=""text-decoration: underline;""><strong>4 Pics 1 Word Indonesia February 20 2020 Answers</strong></span>, Cheats and Solutions.This is a very popular word game developed by Lotum GmbH for iOS / Android and its available in different languages such as English, German, Italian, French and much more. Our site is updated every single day with the daily answers for <strong><a href=""http://dailyanswers.net/4-pics-1-word/"">4 pics 1 word daily</a></strong> puzzle so in case you are stuck and looking for help then please use our help below. Here you will be able to find the daily answers for each of the puzzles. Without losing any further time here is the solution for today’s puzzle!</p>",https://i1.wp.com/dailyanswers.net/wp-content/uploads/2016/11/4pics1wordanswers.png?fit=175%2C175,"19 February 2020, 4:18 pm",http://dailyanswers.net/4-pics-1-word-daily-february-20-2020-answers/,4 Pics 1 Word Daily February 20 2020 Answers
5,"<p>Here you may find the <span style=""text-decoration: underline;""><strong>4 Pics 1 Word Daily Indonesia Bonus February 15 2020 Answers</strong></span>, Cheats and Solutions.This is a very popular word game developed by Lotum GmbH for iOS / Android and its available in different languages such as English, German, Italian, French and much more. Our site is updated every single day with the daily answers for <strong><a href=""http://dailyanswers.net/4-pics-1-word/"">4 pics 1 word daily</a></strong> puzzle so in case you are stuck and looking for help then please use our help below. Here you will be able to find the daily answers for each of the puzzles. Without losing any further time here is the solution for today’s puzzle!</p>",https://i1.wp.com/dailyanswers.net/wp-content/uploads/2016/11/4pics1wordanswers.png?fit=175%2C175,"14 February 2020, 5:32 pm",http://dailyanswers.net/4-pics-1-word-daily-bonus-february-15-2020-answers/,4 Pics 1 Word Daily Bonus February 15 2020 Answers
6,"<p>Here you may find the <span style=""text-decoration: underline;""><strong>4 Pics 1 Word Daily Indonesia Bonus February 13 2020 Answers</strong></span>, Cheats and Solutions.This is a very popular word game developed by Lotum GmbH for iOS / Android and its available in different languages such as English, German, Italian, French and much more. Our site is updated every single day with the daily answers for <strong><a href=""http://dailyanswers.net/4-pics-1-word/"">4 pics 1 word daily</a></strong> puzzle so in case you are stuck and looking for help then please use our help below. Here you will be able to find the daily answers for each of the puzzles. Without losing any further time here is the solution for today’s puzzle!</p>",https://i1.wp.com/dailyanswers.net/wp-content/uploads/2016/11/4pics1wordanswers.png?fit=175%2C175,"12 February 2020, 3:32 pm",http://dailyanswers.net/4-pics-1-word-daily-bonus-february-13-2020-answers/,4 Pics 1 Word Daily Bonus February 13 2020 Answers
7,"<p>Here you may find the <span style=""text-decoration: underline;""><strong>4 Pics 1 Word Indonesia February 13 2020 Answers</strong></span>, Cheats and Solutions.This is a very popular word game developed by Lotum GmbH for iOS / Android and its available in different languages such as English, German, Italian, French and much more. Our site is updated every single day with the daily answers for <strong><a href=""http://dailyanswers.net/4-pics-1-word/"">4 pics 1 word daily</a></strong> puzzle so in case you are stuck and looking for help then please use our help below. Here you will be able to find the daily answers for each of the puzzles. Without losing any further time here is the solution for today’s puzzle!</p>",https://i1.wp.com/dailyanswers.net/wp-content/uploads/2016/11/4pics1wordanswers.png?fit=175%2C175,"12 February 2020, 3:37 pm",http://dailyanswers.net/4-pics-1-word-daily-february-13-2020-answers/,4 Pics 1 Word Daily February 13 2020 Answers
8,"<p>Here you may find the <span style=""text-decoration: underline;""><strong>4 Pics 1 Word Daily Indonesia Bonus February 14 2020 Answers</strong></span>, Cheats and Solutions.This is a very popular word game developed by Lotum GmbH for iOS / Android and its available in different languages such as English, German, Italian, French and much more. Our site is updated every single day with the daily answers for <strong><a href=""http://dailyanswers.net/4-pics-1-word/"">4 pics 1 word daily</a></strong> puzzle so in case you are stuck and looking for help then please use our help below. Here you will be able to find the daily answers for each of the puzzles. Without losing any further time here is the solution for today’s puzzle!</p>",https://i1.wp.com/dailyanswers.net/wp-content/uploads/2016/11/4pics1wordanswers.png?fit=175%2C175,"13 February 2020, 6:53 pm",http://dailyanswers.net/4-pics-1-word-daily-bonus-february-14-2020-answers/,4 Pics 1 Word Daily Bonus February 14 2020 Answers
9,"<p>Here you may find the <span style=""text-decoration: underline;""><strong>4 Pics 1 Word Indonesia February 14 2020 Answers</strong></span>, Cheats and Solutions.This is a very popular word game developed by Lotum GmbH for iOS / Android and its available in different languages such as English, German, Italian, French and much more. Our site is updated every single day with the daily answers for <strong><a href=""http://dailyanswers.net/4-pics-1-word/"">4 pics 1 word daily</a></strong> puzzle so in case you are stuck and looking for help then please use our help below. Here you will be able to find the daily answers for each of the puzzles. Without losing any further time here is the solution for today’s puzzle!</p>",https://i1.wp.com/dailyanswers.net/wp-content/uploads/2016/11/4pics1wordanswers.png?fit=175%2C175,"13 February 2020, 6:55 pm",http://dailyanswers.net/4-pics-1-word-daily-february-14-2020-answers/,4 Pics 1 Word Daily February 14 2020 Answers
10,"<p>Here you may find the <span style=""text-decoration: underline;""><strong>4 Pics 1 Word Indonesia February 12 2020 Answers</strong></span>, Cheats and Solutions.This is a very popular word game developed by Lotum GmbH for iOS / Android and its available in different languages such as English, German, Italian, French and much more. Our site is updated every single day with the daily answers for <strong><a href=""http://dailyanswers.net/4-pics-1-word/"">4 pics 1 word daily</a></strong> puzzle so in case you are stuck and looking for help then please use our help below. Here you will be able to find the daily answers for each of the puzzles. Without losing any further time here is the solution for today’s puzzle!</p>",https://i1.wp.com/dailyanswers.net/wp-content/uploads/2016/11/4pics1wordanswers.png?fit=175%2C175,"11 February 2020, 6:10 pm",http://dailyanswers.net/4-pics-1-word-daily-february-12-2020-answers/,4 Pics 1 Word Daily February 12 2020 Answers
